{"eval/loss": 0.3747621178627014, "eval/runtime": 6.8129, "eval/samples_per_second": 0.147, "eval/steps_per_second": 0.147, "train/epoch": 500.0, "train/global_step": 500, "_timestamp": 1713209605.1586895, "_runtime": 11264.387237548828, "_step": 11, "train/loss": 0.0227, "train/grad_norm": 0.0008407905697822571, "train/learning_rate": 0.0, "train/train_runtime": 11264.4275, "train/train_samples_per_second": 0.089, "train/train_steps_per_second": 0.044, "train/total_flos": 6.6189768192e+16, "train/train_loss": 0.022725572586059572, "_wandb": {"runtime": 11264}}